Algoritmo,Cenario,Trocas,Comparacoes,Tempo
quick_time,vetor1000-1,6184,30566,0.0030062198638916016
quick_time,vetor1000-2,6240,29636,0.0029916763305664062
quick_time,vetor1000-3,6276,30792,0.002992868423461914
quick_time,vetor10000-1,72966,515069,0.041887760162353516
quick_time,vetor10000-2,73318,524753,0.042885541915893555
quick_time,vetor10000-3,73382,517207,0.04488039016723633
